,precision,recall,f1-score,support
AbnormalHeartbeat,0.948051948051948,0.9733333333333334,0.9605263157894737,75.0
MyocardialInfarction,0.958904109589041,1.0,0.9790209790209791,70.0
NormalPerson,1.0,0.9367088607594937,0.9673202614379085,79.0
accuracy,0.96875,0.96875,0.96875,0.96875
macro avg,0.9689853525469964,0.970014064697609,0.9689558520827871,224.0
weighted avg,0.9697642132818258,0.96875,0.9687019770949724,224.0
